average_originality,average_citation,self_plagiarism
89.81305397447676,10.18694602552324,3.3631901694141186
